Comunidad Autónoma;Provincia;Municipio
Andalucía;Almería;Almería
Andalucía;Almería;Roquetas de Mar
Andalucía;Almería;El Ejido
Andalucía;Almería;Níjar
Andalucía;Almería;Vícar
Andalucía;Almería;Adra
Andalucía;Almería;Huércal-Overa
Andalucía;Almería;Huércal de Almería
Andalucía;Almería;Vera
Andalucía;Almería;Cuevas del Almanzora
Andalucía;Almería;Berja
Andalucía;Almería;Albox
Andalucía;Almería;La Mojonera
Andalucía;Cádiz;Jerez de la Frontera
Andalucía;Cádiz;Algeciras
Andalucía;Cádiz;Cádiz
Andalucía;Cádiz;San Fernando
Andalucía;Cádiz;El Puerto de Santa María
Andalucía;Cádiz;Chiclana de la Frontera
Andalucía;Cádiz;Sanlúcar de Barrameda
Andalucía;Cádiz;La Línea de la Concepción
Andalucía;Cádiz;Puerto Real
Andalucía;Cádiz;Arcos de la Frontera
Andalucía;Cádiz;San Roque
Andalucía;Cádiz;Rota
Andalucía;Cádiz;Los Barrios
Andalucía;Cádiz;Conil de la Frontera
Andalucía;Cádiz;Barbate
Andalucía;Cádiz;Chipiona
Andalucía;Cádiz;Tarifa
Andalucía;Cádiz;Ubrique
Andalucía;Cádiz;Vejer de la Frontera
Andalucía;Cádiz;Villamartín
Andalucía;Cádiz;Medina-Sidonia
Andalucía;Cádiz;Jimena de la Frontera
Andalucía;Cádiz;Olvera
Andalucía;Cádiz;Bornos
Andalucía;Cádiz;Puerto Serrano
Andalucía;Cádiz;Trebujena
Andalucía;Cádiz;Benalup-Casas Viejas
Andalucía;Córdoba;Córdoba
Andalucía;Córdoba;Lucena
Andalucía;Córdoba;Puente Genil
Andalucía;Córdoba;Montilla
Andalucía;Córdoba;Priego de Córdoba
Andalucía;Córdoba;Palma del Río
Andalucía;Córdoba;Cabra
Andalucía;Córdoba;Baena
Andalucía;Córdoba;Pozoblanco
Andalucía;Córdoba;La Carlota
Andalucía;Córdoba;Aguilar de la Frontera
Andalucía;Córdoba;Peñarroya-Pueblonuevo
Andalucía;Granada;Granada
Andalucía;Granada;Motril
Andalucía;Granada;Almuñécar
Andalucía;Granada;Armilla
Andalucía;Granada;Maracena
Andalucía;Granada;Loja
Andalucía;Granada;Baza
Andalucía;Granada;Las Gabias
Andalucía;Granada;La Zubia
Andalucía;Granada;Albolote
Andalucía;Granada;Atarfe
Andalucía;Granada;Guadix
Andalucía;Granada;Churriana de la Vega
Andalucía;Granada;Santa Fe
Andalucía;Granada;Ogíjares
Andalucía;Granada;Huétor Vega
Andalucía;Granada;Peligros
Andalucía;Granada;Vegas del Genil
Andalucía;Granada;Salobreña
Andalucía;Granada;Illora
Andalucía;Huelva;Huelva
Andalucía;Huelva;Lepe
Andalucía;Huelva;Almonte
Andalucía;Huelva;Moguer
Andalucía;Huelva;Isla Cristina
Andalucía;Huelva;Ayamonte
Andalucía;Huelva;Cartaya
Andalucía;Huelva;Punta Umbría
Andalucía;Huelva;Bollullos Par del Condado
Andalucía;Huelva;Valverde del Camino
Andalucía;Huelva;Gibraleón
Andalucía;Huelva;Palos de la Frontera
Andalucía;Jaén;Jaén
Andalucía;Jaén;Linares
Andalucía;Jaén;Andújar
Andalucía;Jaén;Úbeda
Andalucía;Jaén;Martos
Andalucía;Jaén;Alcalá la Real
Andalucía;Jaén;Bailén
Andalucía;Jaén;Baeza
Andalucía;Jaén;La Carolina
Andalucía;Jaén;Torredelcampo
Andalucía;Jaén;Torredonjimeno
Andalucía;Jaén;Jódar
Andalucía;Jaén;Mancha Real
Andalucía;Jaén;Alcaudete
Andalucía;Jaén;Villacarrillo
Andalucía;Jaén;Beas de Segura
Andalucía;Málaga;Málaga
Andalucía;Málaga;Marbella
Andalucía;Málaga;Mijas
Andalucía;Málaga;Fuengirola
Andalucía;Málaga;Vélez-Málaga
Andalucía;Málaga;Estepona
Andalucía;Málaga;Torremolinos
Andalucía;Málaga;Benalmádena
Andalucía;Málaga;Rincón de la Victoria
Andalucía;Málaga;Alhaurín de la Torre
Andalucía;Málaga;Antequera
Andalucía;Málaga;Ronda
Andalucía;Málaga;Alhaurín el Grande
Andalucía;Málaga;Cártama
Andalucía;Málaga;Nerja
Andalucía;Málaga;Coín
Andalucía;Málaga;Torrox
Andalucía;Málaga;Manilva
Andalucía;Málaga;Álora
Andalucía;Málaga;Pizarra
Andalucía;Málaga;Campillos
Andalucía;Málaga;Archidona
Andalucía;Sevilla;Sevilla
Andalucía;Sevilla;Dos Hermanas
Andalucía;Sevilla;Alcalá de Guadaíra
Andalucía;Sevilla;Utrera
Andalucía;Sevilla;Mairena del Aljarafe
Andalucía;Sevilla;Écija
Andalucía;Sevilla;La Rinconada
Andalucía;Sevilla;Los Palacios y Villafranca
Andalucía;Sevilla;Coria del Río
Andalucía;Sevilla;Carmona
Andalucía;Sevilla;Mairena del Alcor
Andalucía;Sevilla;Camas
Andalucía;Sevilla;Lebrija
Andalucía;Sevilla;Tomares
Andalucía;Sevilla;Bormujos
Andalucía;Sevilla;San Juan de Aznalfarache
Andalucía;Sevilla;Marchena
Andalucía;Sevilla;Arahal
Andalucía;Sevilla;El Viso del Alcor
Andalucía;Sevilla;Lora del Río
Andalucía;Sevilla;Osuna
Andalucía;Sevilla;Castilleja de la Cuesta
Andalucía;Sevilla;Las Cabezas de San Juan
Andalucía;Sevilla;La Algaba
Andalucía;Sevilla;Espartinas
Andalucía;Sevilla;Pilas
Andalucía;Sevilla;Gines
Andalucía;Sevilla;Sanlúcar la Mayor
Andalucía;Sevilla;Estepa
Andalucía;Sevilla;La Puebla de Cazalla
Andalucía;Sevilla;Guillena
Andalucía;Sevilla;Alcalá del Río
Aragón;Huesca;Huesca
Aragón;Huesca;Monzón
Aragón;Huesca;Barbastro
Aragón;Huesca;Fraga
Aragón;Teruel;Teruel
Aragón;Teruel;Alcañiz
Aragón;Zaragoza;Zaragoza
Aragón;Zaragoza;Calatayud
Aragón;Zaragoza;Utebo
Aragón;Zaragoza;Ejea de los Caballeros
Aragón;Zaragoza;Tarazona
Aragón;Zaragoza;Caspe
Aragón;Zaragoza;Cuarte de Huerva
Aragón;Zaragoza;La Almunia de Doña Godina
Asturias;Asturias;Gijón
Asturias;Asturias;Oviedo
Asturias;Asturias;Avilés
Asturias;Asturias;Siero
Asturias;Asturias;Langreo
Asturias;Asturias;Mieres
Asturias;Asturias;Castrillón
Asturias;Asturias;San Martín del Rey Aurelio
Asturias;Asturias;Corvera de Asturias
Asturias;Asturias;Villaviciosa
Asturias;Asturias;Llanera
Asturias;Asturias;Llanes
Asturias;Asturias;Laviana
Baleares;Islas Baleares;Palma
Baleares;Islas Baleares;Calvià
Baleares;Islas Baleares;Eivissa
Baleares;Islas Baleares;Manacor
Baleares;Islas Baleares;Santa Eulària des Riu
Baleares;Islas Baleares;Marratxí
Baleares;Islas Baleares;Llucmajor
Baleares;Islas Baleares;Inca
Baleares;Islas Baleares;Ciutadella de Menorca
Baleares;Islas Baleares;Maó-Mahón
Baleares;Islas Baleares;Sant Josep de sa Talaia
Baleares;Islas Baleares;Sant Antoni de Portmany
Baleares;Islas Baleares;Alcúdia
Baleares;Islas Baleares;Felanitx
Baleares;Islas Baleares;Pollença
Baleares;Islas Baleares;Sóller
Baleares;Islas Baleares;Sa Pobla
Baleares;Islas Baleares;Santanyí
Baleares;Islas Baleares;Son Servera
Baleares;Islas Baleares;Capdepera
Baleares;Islas Baleares;Andratx
Baleares;Islas Baleares;Santa Margalida
Canarias;Las Palmas;Las Palmas de Gran Canaria
Canarias;Las Palmas;Telde
Canarias;Las Palmas;Santa Lucía de Tirajana
Canarias;Las Palmas;Arrecife
Canarias;Las Palmas;San Bartolomé de Tirajana
Canarias;Las Palmas;Arucas
Canarias;Las Palmas;Puerto del Rosario
Canarias;Las Palmas;Agüimes
Canarias;Las Palmas;Ingenio
Canarias;Las Palmas;La Oliva
Canarias;Las Palmas;Gáldar
Canarias;Las Palmas;Pájara
Canarias;Las Palmas;Tías
Canarias;Las Palmas;Mogán
Canarias;Las Palmas;Teguise
Canarias;Las Palmas;San Bartolomé
Canarias;Las Palmas;Santa Brígida
Canarias;Las Palmas;Tuineje
Canarias;Las Palmas;Santa María de Guía
Canarias;Las Palmas;Teror
Canarias;Las Palmas;Valsequillo de Gran Canaria
Canarias;S.C. Tenerife;Santa Cruz de Tenerife
Canarias;S.C. Tenerife;San Cristóbal de La Laguna
Canarias;S.C. Tenerife;Arona
Canarias;S.C. Tenerife;Adeje
Canarias;S.C. Tenerife;Granadilla de Abona
Canarias;S.C. Tenerife;La Orotava
Canarias;S.C. Tenerife;Los Realejos
Canarias;S.C. Tenerife;Puerto de la Cruz
Canarias;S.C. Tenerife;Candelaria
Canarias;S.C. Tenerife;Icod de los Vinos
Canarias;S.C. Tenerife;Tacoronte
Canarias;S.C. Tenerife;Los Llanos de Aridane
Canarias;S.C. Tenerife;Guía de Isora
Canarias;S.C. Tenerife;Güímar
Canarias;S.C. Tenerife;El Rosario
Canarias;S.C. Tenerife;San Miguel de Abona
Canarias;S.C. Tenerife;Santa Cruz de la Palma
Canarias;S.C. Tenerife;Santa Úrsula
Canarias;S.C. Tenerife;Santiago del Teide
Canarias;S.C. Tenerife;Tegueste
Cantabria;Cantabria;Santander
Cantabria;Cantabria;Torrelavega
Cantabria;Cantabria;Castro-Urdiales
Cantabria;Cantabria;Camargo
Cantabria;Cantabria;Piélagos
Cantabria;Cantabria;El Astillero
Cantabria;Cantabria;Santa Cruz de Bezana
Cantabria;Cantabria;Laredo
Cantabria;Cantabria;Santoña
Cantabria;Cantabria;Los Corrales de Buelna
Castilla y León;Ávila;Ávila
Castilla y León;Burgos;Burgos
Castilla y León;Burgos;Miranda de Ebro
Castilla y León;Burgos;Aranda de Duero
Castilla y León;León;León
Castilla y León;León;Ponferrada
Castilla y León;León;San Andrés del Rabanedo
Castilla y León;León;Villaquilambre
Castilla y León;Palencia;Palencia
Castilla y León;Salamanca;Salamanca
Castilla y León;Salamanca;Santa Marta de Tormes
Castilla y León;Salamanca;Ciudad Rodrigo
Castilla y León;Segovia;Segovia
Castilla y León;Soria;Soria
Castilla y León;Valladolid;Valladolid
Castilla y León;Valladolid;Laguna de Duero
Castilla y León;Valladolid;Medina del Campo
Castilla y León;Valladolid;Arroyo de la Encomienda
Castilla y León;Valladolid;Tordesillas
Castilla y León;Valladolid;Tudela de Duero
Castilla y León;Valladolid;Cistérniga
Castilla y León;Valladolid;Íscar
Castilla y León;Valladolid;Zaratán
Castilla y León;Zamora;Zamora
Castilla y León;Zamora;Benavente
Castilla-La Mancha;Albacete;Albacete
Castilla-La Mancha;Albacete;Hellín
Castilla-La Mancha;Albacete;Villarrobledo
Castilla-La Mancha;Albacete;Almansa
Castilla-La Mancha;Albacete;La Roda
Castilla-La Mancha;Albacete;Caudete
Castilla-La Mancha;Ciudad Real;Ciudad Real
Castilla-La Mancha;Ciudad Real;Puertollano
Castilla-La Mancha;Ciudad Real;Tomelloso
Castilla-La Mancha;Ciudad Real;Alcázar de San Juan
Castilla-La Mancha;Ciudad Real;Valdepeñas
Castilla-La Mancha;Ciudad Real;Manzanares
Castilla-La Mancha;Ciudad Real;Daimiel
Castilla-La Mancha;Ciudad Real;La Solana
Castilla-La Mancha;Ciudad Real;Miguelturra
Castilla-La Mancha;Ciudad Real;Campo de Criptana
Castilla-La Mancha;Ciudad Real;Socuéllamos
Castilla-La Mancha;Ciudad Real;Bolaños de Calatrava
Castilla-La Mancha;Cuenca;Cuenca
Castilla-La Mancha;Cuenca;Tarancón
Castilla-La Mancha;Guadalajara;Guadalajara
Castilla-La Mancha;Guadalajara;Azuqueca de Henares
Castilla-La Mancha;Guadalajara;Alovera
Castilla-La Mancha;Guadalajara;El Casar
Castilla-La Mancha;Guadalajara;Cabanillas del Campo
Castilla-La Mancha;Toledo;Toledo
Castilla-La Mancha;Toledo;Talavera de la Reina
Castilla-La Mancha;Toledo;Illescas
Castilla-La Mancha;Toledo;Seseña
Castilla-La Mancha;Toledo;Torrijos
Castilla-La Mancha;Toledo;Quintanar de la Orden
Castilla-La Mancha;Toledo;Sonseca
Castilla-La Mancha;Toledo;Fuensalida
Castilla-La Mancha;Toledo;Madridejos
Comunidad Autónoma;Provincia;Municipio
Cataluña;Barcelona;Barcelona
Cataluña;Barcelona;L'Hospitalet de Llobregat
Cataluña;Barcelona;Badalona
Cataluña;Barcelona;Terrassa
Cataluña;Barcelona;Sabadell
Cataluña;Barcelona;Mataró
Cataluña;Barcelona;Santa Coloma de Gramenet
Cataluña;Barcelona;Sant Cugat del Vallès
Cataluña;Barcelona;Cornellà de Llobregat
Cataluña;Barcelona;Sant Boi de Llobregat
Cataluña;Barcelona;Rubí
Cataluña;Barcelona;Manresa
Cataluña;Barcelona;Vilanova i la Geltrú
Cataluña;Barcelona;Castelldefels
Cataluña;Barcelona;Viladecans
Cataluña;Barcelona;Prat de Llobregat, El
Cataluña;Barcelona;Granollers
Cataluña;Barcelona;Cerdanyola del Vallès
Cataluña;Barcelona;Mollet del Vallès
Cataluña;Barcelona;Esplugues de Llobregat
Cataluña;Barcelona;Gavà
Cataluña;Barcelona;Sant Feliu de Llobregat
Cataluña;Barcelona;Vic
Cataluña;Barcelona;Igualada
Cataluña;Barcelona;Vilafranca del Penedès
Cataluña;Barcelona;Ripollet
Cataluña;Barcelona;Sant Adrià de Besòs
Cataluña;Barcelona;Montcada i Reixac
Cataluña;Barcelona;Sant Joan Despí
Cataluña;Barcelona;Barberà del Vallès
Cataluña;Barcelona;Sant Pere de Ribes
Cataluña;Barcelona;Sitges
Cataluña;Barcelona;Martorell
Cataluña;Barcelona;Sant Vicenç dels Horts
Cataluña;Barcelona;Pineda de Mar
Cataluña;Barcelona;Sant Andreu de la Barca
Cataluña;Barcelona;Molins de Rei
Cataluña;Barcelona;Santa Perpètua de Mogoda
Cataluña;Barcelona;Castellar del Vallès
Cataluña;Barcelona;Olesa de Montserrat
Cataluña;Barcelona;Masnou, El
Cataluña;Barcelona;Esparreguera
Cataluña;Barcelona;Manlleu
Cataluña;Barcelona;Vilassar de Mar
Cataluña;Barcelona;Calella
Cataluña;Barcelona;Malgrat de Mar
Cataluña;Barcelona;Sant Quirze del Vallès
Cataluña;Barcelona;Parets del Vallès
Cataluña;Barcelona;Berga
Cataluña;Girona;Girona
Cataluña;Girona;Figueres
Cataluña;Girona;Blanes
Cataluña;Girona;Lloret de Mar
Cataluña;Girona;Olot
Cataluña;Girona;Salt
Cataluña;Girona;Palafrugell
Cataluña;Girona;Sant Feliu de Guíxols
Cataluña;Girona;Roses
Cataluña;Girona;Banyoles
Cataluña;Lleida;Lleida
Cataluña;Lleida;Balaguer
Cataluña;Lleida;Tàrrega
Cataluña;Lleida;Mollerussa
Cataluña;Lleida;La Seu d'Urgell
Cataluña;Tarragona;Tarragona
Cataluña;Tarragona;Reus
Cataluña;Tarragona;El Vendrell
Cataluña;Tarragona;Tortosa
Cataluña;Tarragona;Cambrils
Cataluña;Tarragona;Salou
Cataluña;Tarragona;Valls
Cataluña;Tarragona;Calafell
Cataluña;Tarragona;Vila-seca
Cataluña;Tarragona;Amposta
Comunidad de Madrid;Madrid;Madrid
Comunidad de Madrid;Madrid;Móstoles
Comunidad de Madrid;Madrid;Alcalá de Henares
Comunidad de Madrid;Madrid;Fuenlabrada
Comunidad de Madrid;Madrid;Leganés
Comunidad de Madrid;Madrid;Getafe
Comunidad de Madrid;Madrid;Alcorcón
Comunidad de Madrid;Madrid;Torrejón de Ardoz
Comunidad de Madrid;Madrid;Parla
Comunidad de Madrid;Madrid;Alcobendas
Comunidad de Madrid;Madrid;Las Rozas de Madrid
Comunidad de Madrid;Madrid;San Sebastián de los Reyes
Comunidad de Madrid;Madrid;Pozuelo de Alarcón
Comunidad de Madrid;Madrid;Rivas-Vaciamadrid
Comunidad de Madrid;Madrid;Coslada
Comunidad de Madrid;Madrid;Valdemoro
Comunidad de Madrid;Madrid;Majadahonda
Comunidad de Madrid;Madrid;Collado Villalba
Comunidad de Madrid;Madrid;Aranjuez
Comunidad de Madrid;Madrid;Arganda del Rey
Comunidad de Madrid;Madrid;Boadilla del Monte
Comunidad de Madrid;Madrid;Pinto
Comunidad de Madrid;Madrid;Colmenar Viejo
Comunidad de Madrid;Madrid;San Fernando de Henares
Comunidad de Madrid;Madrid;Tres Cantos
Comunidad de Madrid;Madrid;Galapagar
Comunidad de Madrid;Madrid;Villaviciosa de Odón
Comunidad de Madrid;Madrid;Navalcarnero
Comunidad de Madrid;Madrid;Ciempozuelos
Comunidad de Madrid;Madrid;Mejorada del Campo
Comunidad de Madrid;Madrid;Torrelodones
Comunidad de Madrid;Madrid;Algete
Comunidad de Madrid;Madrid;Arroyomolinos
Comunidad de Madrid;Madrid;San Martín de la Vega
Comunidad de Madrid;Madrid;Humanes de Madrid
Comunidad Valenciana;Alicante;Alicante
Comunidad Valenciana;Alicante;Elche
Comunidad Valenciana;Alicante;Torrevieja
Comunidad Valenciana;Alicante;Orihuela
Comunidad Valenciana;Alicante;Benidorm
Comunidad Valenciana;Alicante;Alcoy
Comunidad Valenciana;Alicante;Elda
Comunidad Valenciana;Alicante;San Vicente del Raspeig
Comunidad Valenciana;Alicante;Dénia
Comunidad Valenciana;Alicante;Villajoyosa
Comunidad Valenciana;Alicante;Petrer
Comunidad Valenciana;Alicante;Villena
Comunidad Valenciana;Alicante;Santa Pola
Comunidad Valenciana;Alicante;Crevillente
Comunidad Valenciana;Alicante;El Campello
Comunidad Valenciana;Alicante;Jávea
Comunidad Valenciana;Castellón;Castelló de la Plana
Comunidad Valenciana;Castellón;Vila-real
Comunidad Valenciana;Castellón;Burriana
Comunidad Valenciana;Castellón;Vall d'Uixó, la
Comunidad Valenciana;Castellón;Vinaròs
Comunidad Valenciana;Castellón;Benicarló
Comunidad Valenciana;Valencia;Valencia
Comunidad Valenciana;Valencia;Torrent
Comunidad Valenciana;Valencia;Gandia
Comunidad Valenciana;Valencia;Paterna
Comunidad Valenciana;Valencia;Sagunto
Comunidad Valenciana;Valencia;Alzira
Comunidad Valenciana;Valencia;Mislata
Comunidad Valenciana;Valencia;Burjassot
Comunidad Valenciana;Valencia;Ontinyent
Comunidad Valenciana;Valencia;Aldaia
Comunidad Valenciana;Valencia;Manises
Comunidad Valenciana;Valencia;Alaquàs
Comunidad Valenciana;Valencia;Xàtiva
Comunidad Valenciana;Valencia;Chirivella
Comunidad Valenciana;Valencia;Sueca
Comunidad Valenciana;Valencia;Catarroja
Extremadura;Badajoz;Badajoz
Extremadura;Badajoz;Mérida
Extremadura;Badajoz;Don Benito
Extremadura;Badajoz;Almendralejo
Extremadura;Badajoz;Villanueva de la Serena
Extremadura;Badajoz;Zafra
Extremadura;Cáceres;Cáceres
Extremadura;Cáceres;Plasencia
Extremadura;Cáceres;Navalmoral de la Mata
Galicia;A Coruña;A Coruña
Galicia;A Coruña;Santiago de Compostela
Galicia;A Coruña;Ferrol
Galicia;A Coruña;Narón
Galicia;A Coruña;Oleiros
Galicia;A Coruña;Carballo
Galicia;A Coruña;Arteixo
Galicia;A Coruña;Ames
Galicia;Lugo;Lugo
Galicia;Lugo;Viveiro
Galicia;Lugo;Vilalba
Galicia;Ourense;Ourense
Galicia;Pontevedra;Vigo
Galicia;Pontevedra;Pontevedra
Galicia;Pontevedra;Vilagarcía de Arousa
Galicia;Pontevedra;Redondela
Galicia;Pontevedra;Marín
Galicia;Pontevedra;Ponteareas
Galicia;Pontevedra;A Estrada
Murcia;Murcia;Murcia
Murcia;Murcia;Cartagena
Murcia;Murcia;Lorca
Murcia;Murcia;Molina de Segura
Murcia;Murcia;Alcantarilla
Murcia;Murcia;Torre-Pacheco
Murcia;Murcia;Águilas
Murcia;Murcia;Cieza
Murcia;Murcia;Yecla
Murcia;Murcia;San Javier
Murcia;Murcia;Mazarrón
Murcia;Murcia;Totana
Navarra;Navarra;Pamplona
Navarra;Navarra;Tudela
Navarra;Navarra;Valle de Egüés
Navarra;Navarra;Barañáin
Navarra;Navarra;Burlada
País Vasco;Álava;Vitoria-Gasteiz
País Vasco;Álava;Llodio
País Vasco;Guipúzcoa;San Sebastián
País Vasco;Guipúzcoa;Irun
País Vasco;Guipúzcoa;Errenteria
País Vasco;Guipúzcoa;Eibar
País Vasco;Guipúzcoa;Zarautz
País Vasco;Vizcaya;Bilbao
País Vasco;Vizcaya;Barakaldo
País Vasco;Vizcaya;Getxo
País Vasco;Vizcaya;Portugalete
País Vasco;Vizcaya;Santurtzi
País Vasco;Vizcaya;Basauri
País Vasco;Vizcaya;Leioa
País Vasco;Vizcaya;Galdakao
La Rioja;La Rioja;Logroño
La Rioja;La Rioja;Calahorra
Ceuta;Ceuta;Ceuta
Melilla;Melilla;Melilla